{
  "dataset_rows": 284807,
  "fraud_cases": 492,
  "fraud_rate_pct": 0.1727,
  "train_rows": 199364,
  "valid_rows": 42721,
  "test_rows": 42722,
  "best_model_validation": "smote_logistic",
  "best_threshold": 0.9961198821374132,
  "best_validation_f2": 0.7653061224487484
}